{"cameraMode":{"drawMode":0,"name":"Shaded","section":"Shading Mode"},"sceneLighting":true,"audioPlay":false,"sceneViewState":{"showFog":true,"showMaterialUpdate":false,"showSkybox":true,"showFlares":true,"showImageEffects":true,"showParticleSystems":true},"in2DMode":false,"pivot":{"x":-1.8985185623168946,"y":-1.1674185991287232,"z":0.013358712196350098},"rotation":{"x":-0.22630466520786286,"y":0.6370692849159241,"z":-0.20358848571777345,"w":-0.708167314529419},"size":19.928604125976564,"orthographic":false}