{"count":1,"gauges":{},"self":5.2503943999999994,"total":5.3979922,"children":{"AgentSendState":{"count":220,"self":0.0059637,"total":0.0079802,"children":{"CollectObservations":{"count":22,"self":0.0020165,"total":0.0020165,"children":null},"CollectDiscreteActionMasks":{"count":22,"self":0,"total":0,"children":null}}},"DecideAction":{"count":220,"self":0.1366228,"total":0.1366228,"children":null},"AgentAct":{"count":220,"self":0.0019974999999999997,"total":0.0019974999999999997,"children":null}}}